{"Consensus_loss": 0.004039764404296875, "SAE_0_reconstruction_loss": NaN, "SAE_1_reconstruction_loss": NaN, "_timestamp": 1726400667.1420567, "_runtime": 64.48616480827332, "_step": 635, "_wandb": {"runtime": 63}}